Domain,Project,Task,Details,Start,End,TimeZone,Duration,Decimal Duration
Standard,Hope,TV,,2019-10-14 17:51,2019-10-14 18:42,UTC-4:00,0:51,0.85
Standard,Hope,Homework,,2019-10-14 18:42,2019-10-14 19:27,UTC-4:00,0:45,0.75
Standard,Commute,Walk,,2019-10-14 19:27,2019-10-14 19:43,UTC-4:00,0:16,0.26666666666666666
Standard,APO,Meeting,,2019-10-14 19:43,2019-10-14 20:55,UTC-4:00,1:12,1.2
Standard,Personal,Email,,2019-10-14 20:55,2019-10-14 21:07,UTC-4:00,0:12,0.2
Standard,APO,Scouting,,2019-10-14 21:19,2019-10-14 21:28,UTC-4:00,0:09,0.15
Standard,Personal,Games,,2019-10-14 21:29,2019-10-14 21:36,UTC-4:00,0:07,0.11666666666666667
Standard,Personal,TV,,2019-10-14 21:49,2019-10-14 22:25,UTC-4:00,0:36,0.6
Standard,Personal,Games,,2019-10-14 22:25,2019-10-14 23:12,UTC-4:00,0:47,0.7833333333333333
Standard,Personal,TV,,2019-10-14 23:12,2019-10-14 23:31,UTC-4:00,0:19,0.31666666666666665
Standard,Personal,Sleep,,2019-10-14 23:31,2019-10-15 00:00,UTC-4:00,0:29,0.48333333333333334
Standard,Personal,Sleep,,2019-10-15 00:00,2019-10-15 07:48,UTC-4:00,7:48,7.8
Standard,Personal,Housework,,2019-10-15 07:48,2019-10-15 08:26,UTC-4:00,0:38,0.6333333333333333
Standard,Commute,Walk,,2019-10-15 08:26,2019-10-15 08:50,UTC-4:00,0:24,0.4
Standard,SchoolWork,SOM,,2019-10-15 08:50,2019-10-15 10:09,UTC-4:00,1:19,1.3166666666666667
Standard,Commute,Walk,,2019-10-15 10:10,2019-10-15 10:30,UTC-4:00,0:20,0.3333333333333333
Standard,SchoolWork,CS 465,,2019-10-15 10:30,2019-10-15 10:43,UTC-4:00,0:13,0.21666666666666667
Standard,APO,Scouting,,2019-10-15 10:43,2019-10-15 11:16,UTC-4:00,0:33,0.55
Standard,Personal,Food,,2019-10-15 11:22,2019-10-15 11:53,UTC-4:00,0:31,0.5166666666666667
Standard,SchoolWork,CS 465,,2019-10-15 11:55,2019-10-15 13:16,UTC-4:00,1:21,1.35
Standard,Commute,Walk,,2019-10-15 13:16,2019-10-15 13:29,UTC-4:00,0:13,0.21666666666666667
Standard,Personal,Bathroom,,2019-10-15 13:29,2019-10-15 13:32,UTC-4:00,0:03,0.05
Standard,SchoolWork,DS 300,,2019-10-15 13:32,2019-10-15 14:51,UTC-4:00,1:19,1.3166666666666667
Standard,Commute,Walk,,2019-10-15 14:51,2019-10-15 15:02,UTC-4:00,0:11,0.18333333333333332
Standard,Commute,Bus,,2019-10-15 15:02,2019-10-15 15:24,UTC-4:00,0:22,0.36666666666666664
Standard,Work,ARL,,2019-10-15 15:24,2019-10-15 17:09,UTC-4:00,1:45,1.75
Standard,Commute,Bus,,2019-10-15 17:09,2019-10-15 17:26,UTC-4:00,0:17,0.2833333333333333
Standard,Commute,Walk,,2019-10-15 17:26,2019-10-15 17:34,UTC-4:00,0:08,0.13333333333333333
Standard,Work,UTA,,2019-10-15 17:34,2019-10-15 18:49,UTC-4:00,1:15,1.25
Standard,Personal,Food,,2019-10-15 18:49,2019-10-15 18:57,UTC-4:00,0:08,0.13333333333333333
Standard,Commute,Walk,,2019-10-15 18:57,2019-10-15 19:12,UTC-4:00,0:15,0.25
Standard,Personal,Food,,2019-10-15 19:13,2019-10-15 19:22,UTC-4:00,0:09,0.15
Standard,Personal,Food,,2019-10-15 19:22,2019-10-15 20:09,UTC-4:00,0:47,0.7833333333333333
Standard,Hope,TV,,2019-10-15 20:09,2019-10-15 20:21,UTC-4:00,0:12,0.2
Standard,SchoolWork,Witches,,2019-10-15 20:22,2019-10-15 20:36,UTC-4:00,0:14,0.23333333333333334
Standard,Hope,TV,,2019-10-15 20:36,2019-10-15 20:44,UTC-4:00,0:08,0.13333333333333333
Standard,Personal,Email,,2019-10-15 20:44,2019-10-15 20:59,UTC-4:00,0:15,0.25
Standard,SchoolWork,CS 461,,2019-10-15 20:59,2019-10-15 21:20,UTC-4:00,0:21,0.35
Standard,Work,UTA,,2019-10-15 21:25,2019-10-15 21:41,UTC-4:00,0:16,0.26666666666666666
Standard,Hope,TV,,2019-10-15 21:41,2019-10-15 23:31,UTC-4:00,1:50,1.8333333333333333
Standard,Commute,Walk,,2019-10-15 23:31,2019-10-15 23:45,UTC-4:00,0:14,0.23333333333333334
Standard,Personal,Housework,,2019-10-15 23:45,2019-10-16 00:00,UTC-4:00,0:15,0.25
Standard,Personal,Housework,,2019-10-16 00:00,2019-10-16 00:01,UTC-4:00,0:01,0.016666666666666666
Standard,Personal,Sleep,,2019-10-16 00:01,2019-10-16 06:39,UTC-4:00,6:38,6.633333333333334
Standard,Personal,Bathroom,,2019-10-16 06:39,2019-10-16 07:25,UTC-4:00,0:46,0.7666666666666667
Standard,Personal,Housework,,2019-10-16 07:25,2019-10-16 07:33,UTC-4:00,0:08,0.13333333333333333
Standard,Commute,Bus,,2019-10-16 07:33,2019-10-16 07:58,UTC-4:00,0:25,0.4166666666666667
Standard,Work,ARL,,2019-10-16 07:58,2019-10-16 09:37,UTC-4:00,1:39,1.65
Standard,Commute,Bus,,2019-10-16 09:37,2019-10-16 10:03,UTC-4:00,0:26,0.43333333333333335
Standard,Personal,Bathroom,,2019-10-16 10:03,2019-10-16 10:07,UTC-4:00,0:04,0.06666666666666667
Standard,APO,Scouting,,2019-10-16 10:07,2019-10-16 10:37,UTC-4:00,0:30,0.5
Standard,Commute,Walk,,2019-10-16 10:37,2019-10-16 10:45,UTC-4:00,0:08,0.13333333333333333
Standard,Personal,Food,,2019-10-16 10:45,2019-10-16 11:14,UTC-4:00,0:29,0.48333333333333334
Standard,Personal,Email,,2019-10-16 11:14,2019-10-16 11:24,UTC-4:00,0:10,0.16666666666666666
Standard,Personal,Programming Projects,,2019-10-16 11:24,2019-10-16 11:59,UTC-4:00,0:35,0.5833333333333334
Standard,Personal,Bathroom,,2019-10-16 11:59,2019-10-16 12:01,UTC-4:00,0:02,0.03333333333333333
Standard,Commute,Walk,,2019-10-16 12:01,2019-10-16 12:08,UTC-4:00,0:07,0.11666666666666667
Standard,SchoolWork,Witches,,2019-10-16 12:09,2019-10-16 13:12,UTC-4:00,1:03,1.05
Standard,Commute,Walk,,2019-10-16 13:12,2019-10-16 13:18,UTC-4:00,0:06,0.1
Standard,SchoolWork,CS 461,,2019-10-16 13:18,2019-10-16 14:17,UTC-4:00,0:59,0.9833333333333333
Standard,Commute,Walk,,2019-10-16 14:17,2019-10-16 14:34,UTC-4:00,0:17,0.2833333333333333
Standard,Personal,Bathroom,,2019-10-16 14:34,2019-10-16 14:37,UTC-4:00,0:03,0.05
Standard,Hope,TV,,2019-10-16 14:37,2019-10-16 15:08,UTC-4:00,0:31,0.5166666666666667
Standard,SchoolWork,Witches,,2019-10-16 15:08,2019-10-16 15:37,UTC-4:00,0:29,0.48333333333333334
Standard,Hope,TV,,2019-10-16 15:38,2019-10-16 16:21,UTC-4:00,0:43,0.7166666666666667
Standard,Commute,Walk,,2019-10-16 16:21,2019-10-16 16:38,UTC-4:00,0:17,0.2833333333333333
Standard,SchoolWork,CS 465,,2019-10-16 16:38,2019-10-16 17:34,UTC-4:00,0:56,0.9333333333333333
Standard,Commute,Walk,,2019-10-16 17:34,2019-10-16 17:45,UTC-4:00,0:11,0.18333333333333332
Standard,Commute,Car,,2019-10-16 17:45,2019-10-16 17:58,UTC-4:00,0:13,0.21666666666666667
Standard,Personal,Family Time,,2019-10-16 17:59,2019-10-16 18:32,UTC-4:00,0:33,0.55
Standard,Personal,Food,,2019-10-16 18:32,2019-10-16 20:23,UTC-4:00,1:51,1.85
Standard,Commute,Car,,2019-10-16 20:23,2019-10-16 20:34,UTC-4:00,0:11,0.18333333333333332
Standard,Commute,Walk,,2019-10-16 20:34,2019-10-16 20:40,UTC-4:00,0:06,0.1
Standard,APO,Meeting,,2019-10-16 20:40,2019-10-16 21:24,UTC-4:00,0:44,0.7333333333333333
Standard,Personal,Housework,,2019-10-16 21:24,2019-10-16 21:36,UTC-4:00,0:12,0.2
Standard,Personal,Games,,2019-10-16 21:36,2019-10-17 00:00,UTC-4:00,2:24,2.4
Standard,Personal,Games,,2019-10-17 00:00,2019-10-17 00:11,UTC-4:00,0:11,0.18333333333333332
Standard,Personal,Sleep,,2019-10-17 00:11,2019-10-17 07:08,UTC-4:00,6:57,6.95
Standard,Personal,Bathroom,,2019-10-17 07:08,2019-10-17 07:33,UTC-4:00,0:25,0.4166666666666667
Standard,Personal,Housework,,2019-10-17 07:33,2019-10-17 07:42,UTC-4:00,0:09,0.15
Standard,Personal,Games,,2019-10-17 07:42,2019-10-17 08:19,UTC-4:00,0:37,0.6166666666666667
Standard,Personal,Food,,2019-10-17 08:19,2019-10-17 08:34,UTC-4:00,0:15,0.25
Standard,Commute,Walk,,2019-10-17 08:34,2019-10-17 08:58,UTC-4:00,0:24,0.4
Standard,SchoolWork,SOM,,2019-10-17 08:58,2019-10-17 10:14,UTC-4:00,1:16,1.2666666666666666
Standard,Commute,Walk,,2019-10-17 10:14,2019-10-17 10:22,UTC-4:00,0:08,0.13333333333333333
Standard,SchoolWork,SOM,,2019-10-17 10:22,2019-10-17 10:31,UTC-4:00,0:09,0.15
Standard,Work,UTA,,2019-10-17 10:31,2019-10-17 11:09,UTC-4:00,0:38,0.6333333333333333
Standard,Personal,Food,,2019-10-17 11:10,2019-10-17 11:35,UTC-4:00,0:25,0.4166666666666667
Standard,Work,UTA,,2019-10-17 11:35,2019-10-17 12:32,UTC-4:00,0:57,0.95
Standard,Personal,Bathroom,,2019-10-17 12:32,2019-10-17 12:37,UTC-4:00,0:05,0.08333333333333333
Standard,SchoolWork,CS 461,,2019-10-17 12:37,2019-10-17 13:17,UTC-4:00,0:40,0.6666666666666666
Standard,Commute,Walk,,2019-10-17 13:17,2019-10-17 13:28,UTC-4:00,0:11,0.18333333333333332
Standard,SchoolWork,DS 300,,2019-10-17 13:28,2019-10-17 14:50,UTC-4:00,1:22,1.3666666666666667
Standard,Personal,Bathroom,,2019-10-17 14:50,2019-10-17 14:54,UTC-4:00,0:04,0.06666666666666667
Standard,Commute,Walk,,2019-10-17 14:54,2019-10-17 15:08,UTC-4:00,0:14,0.23333333333333334
Standard,Commute,Bus,,2019-10-17 15:08,2019-10-17 15:26,UTC-4:00,0:18,0.3
Standard,Work,ARL,,2019-10-17 15:26,2019-10-17 17:08,UTC-4:00,1:42,1.7
Standard,Commute,Bus,,2019-10-17 17:08,2019-10-17 17:29,UTC-4:00,0:21,0.35
Standard,Commute,Walk,,2019-10-17 17:30,2019-10-17 17:34,UTC-4:00,0:04,0.06666666666666667
Standard,Personal,Bathroom,,2019-10-17 17:34,2019-10-17 17:39,UTC-4:00,0:05,0.08333333333333333
Standard,SchoolWork,CS 461,,2019-10-17 17:39,2019-10-17 17:50,UTC-4:00,0:11,0.18333333333333332
Standard,Personal,Games,,2019-10-17 17:50,2019-10-17 18:09,UTC-4:00,0:19,0.31666666666666665
Standard,Personal,TV,,2019-10-17 18:09,2019-10-17 18:31,UTC-4:00,0:22,0.36666666666666664
Standard,Personal,Food,,2019-10-17 18:31,2019-10-17 19:12,UTC-4:00,0:41,0.6833333333333333
Standard,Commute,Walk,,2019-10-17 19:12,2019-10-17 19:13,UTC-4:00,0:01,0.016666666666666666
Standard,APO,Scouting,,2019-10-17 19:13,2019-10-17 20:43,UTC-4:00,1:30,1.5
Standard,Commute,Walk,,2019-10-17 20:43,2019-10-17 21:03,UTC-4:00,0:20,0.3333333333333333
Standard,Hope,TV,,2019-10-17 21:03,2019-10-17 23:33,UTC-4:00,2:30,2.5
Standard,Commute,Walk,,2019-10-17 23:33,2019-10-17 23:46,UTC-4:00,0:13,0.21666666666666667
Standard,Personal,Bathroom,,2019-10-17 23:46,2019-10-17 23:49,UTC-4:00,0:03,0.05
Standard,Personal,Games,,2019-10-17 23:49,2019-10-18 00:00,UTC-4:00,0:11,0.18333333333333332
Standard,Personal,Games,,2019-10-18 00:00,2019-10-18 01:04,UTC-4:00,1:04,1.0666666666666667
Standard,Personal,Sleep,,2019-10-18 01:04,2019-10-18 07:47,UTC-4:00,6:43,6.716666666666667
Standard,Personal,Bathroom,,2019-10-18 07:47,2019-10-18 08:15,UTC-4:00,0:28,0.4666666666666667
Standard,Personal,Games,,2019-10-18 08:15,2019-10-18 09:22,UTC-4:00,1:07,1.1166666666666667
Standard,Personal,Bathroom,,2019-10-18 09:22,2019-10-18 09:39,UTC-4:00,0:17,0.2833333333333333
Standard,Personal,Housework,,2019-10-18 09:39,2019-10-18 09:49,UTC-4:00,0:10,0.16666666666666666
Standard,Commute,Walk,,2019-10-18 09:49,2019-10-18 10:00,UTC-4:00,0:11,0.18333333333333332
Standard,Work,UTA,,2019-10-18 10:00,2019-10-18 11:01,UTC-4:00,1:01,1.0166666666666666
Standard,Commute,Walk,,2019-10-18 11:01,2019-10-18 11:03,UTC-4:00,0:02,0.03333333333333333
Standard,Personal,Errand,,2019-10-18 11:03,2019-10-18 11:15,UTC-4:00,0:12,0.2
Standard,Personal,Food,,2019-10-18 11:15,2019-10-18 12:00,UTC-4:00,0:45,0.75
Standard,Commute,Walk,,2019-10-18 12:00,2019-10-18 12:07,UTC-4:00,0:07,0.11666666666666667
Standard,Personal,Bathroom,,2019-10-18 12:07,2019-10-18 12:17,UTC-4:00,0:10,0.16666666666666666
Standard,SchoolWork,Witches,,2019-10-18 12:17,2019-10-18 13:09,UTC-4:00,0:52,0.8666666666666667
Standard,Commute,Walk,,2019-10-18 13:09,2019-10-18 13:14,UTC-4:00,0:05,0.08333333333333333
Standard,Personal,Bathroom,,2019-10-18 13:14,2019-10-18 13:24,UTC-4:00,0:10,0.16666666666666666
Standard,SchoolWork,CS 461,,2019-10-18 13:24,2019-10-18 14:16,UTC-4:00,0:52,0.8666666666666667
Standard,Commute,Walk,,2019-10-18 14:16,2019-10-18 14:26,UTC-4:00,0:10,0.16666666666666666
Standard,Personal,Housework,,2019-10-18 14:26,2019-10-18 14:31,UTC-4:00,0:05,0.08333333333333333
Standard,Personal,Games,,2019-10-18 14:31,2019-10-18 16:20,UTC-4:00,1:49,1.8166666666666667
Standard,Commute,Walk,,2019-10-18 16:20,2019-10-18 16:31,UTC-4:00,0:11,0.18333333333333332
Standard,Personal,Bathroom,,2019-10-18 16:31,2019-10-18 16:34,UTC-4:00,0:03,0.05
Standard,SchoolWork,CS 465,,2019-10-18 16:34,2019-10-18 17:35,UTC-4:00,1:01,1.0166666666666666
Standard,Commute,Walk,,2019-10-18 17:35,2019-10-18 17:54,UTC-4:00,0:19,0.31666666666666665
Standard,Personal,Food,,2019-10-18 17:54,2019-10-18 18:20,UTC-4:00,0:26,0.43333333333333335
Standard,Hope,TV,,2019-10-18 18:20,2019-10-18 19:16,UTC-4:00,0:56,0.9333333333333333
Standard,Commute,Walk,,2019-10-18 19:16,2019-10-18 19:30,UTC-4:00,0:14,0.23333333333333334
Standard,Hope,Event,,2019-10-18 19:30,2019-10-18 21:26,UTC-4:00,1:56,1.9333333333333333
Standard,Commute,Walk,,2019-10-18 21:26,2019-10-18 22:23,UTC-4:00,0:57,0.95
Standard,Hope,TV,,2019-10-18 22:24,2019-10-19 00:00,UTC-4:00,1:36,1.6
Standard,Hope,TV,,2019-10-19 00:00,2019-10-19 01:35,UTC-4:00,1:35,1.5833333333333333
Standard,Commute,Walk,,2019-10-19 01:35,2019-10-19 01:49,UTC-4:00,0:14,0.23333333333333334
Standard,Personal,Bathroom,,2019-10-19 01:49,2019-10-19 01:51,UTC-4:00,0:02,0.03333333333333333
Standard,Personal,Games,,2019-10-19 01:52,2019-10-19 03:41,UTC-4:00,1:49,1.8166666666666667
Standard,Personal,Sleep,,2019-10-19 03:41,2019-10-19 10:28,UTC-4:00,6:47,6.783333333333333
Standard,Personal,Bathroom,,2019-10-19 10:28,2019-10-19 10:35,UTC-4:00,0:07,0.11666666666666667
Standard,Personal,Housework,,2019-10-19 10:35,2019-10-19 11:00,UTC-4:00,0:25,0.4166666666666667
Standard,Commute,Walk,,2019-10-19 11:00,2019-10-19 11:07,UTC-4:00,0:07,0.11666666666666667
Standard,Commute,Bike,,2019-10-19 11:08,2019-10-19 11:26,UTC-4:00,0:18,0.3
Standard,Personal,Errand,,2019-10-19 11:26,2019-10-19 13:57,UTC-4:00,2:31,2.5166666666666666
Standard,Commute,Walk,,2019-10-19 13:57,2019-10-19 14:25,UTC-4:00,0:28,0.4666666666666667
Standard,Personal,Food,,2019-10-19 14:25,2019-10-19 15:21,UTC-4:00,0:56,0.9333333333333333
Standard,Hope,TV,,2019-10-19 15:21,2019-10-19 16:42,UTC-4:00,1:21,1.35
Standard,Commute,Walk,,2019-10-19 16:42,2019-10-19 17:42,UTC-4:00,1:00,1.0
Standard,Hope,Event,,2019-10-19 17:42,2019-10-20 00:00,UTC-4:00,6:18,6.3
Standard,Hope,Event,,2019-10-20 00:00,2019-10-20 00:52,UTC-4:00,0:52,0.8666666666666667
Standard,Commute,Walk,,2019-10-20 00:52,2019-10-20 01:08,UTC-4:00,0:16,0.26666666666666666
Standard,Personal,TV,,2019-10-20 01:08,2019-10-20 01:31,UTC-4:00,0:23,0.38333333333333336
Standard,Personal,Sleep,,2019-10-20 01:31,2019-10-20 09:10,UTC-4:00,7:39,7.65
Standard,Personal,Games,,2019-10-20 09:10,2019-10-20 11:03,UTC-4:00,1:53,1.8833333333333333
Standard,Personal,Bathroom,,2019-10-20 11:03,2019-10-20 11:34,UTC-4:00,0:31,0.5166666666666667
Standard,Commute,Walk,,2019-10-20 11:34,2019-10-20 12:26,UTC-4:00,0:52,0.8666666666666667
Standard,Personal,Food,,2019-10-20 12:26,2019-10-20 13:37,UTC-4:00,1:11,1.1833333333333333
Standard,Commute,Bus,,2019-10-20 13:37,2019-10-20 14:00,UTC-4:00,0:23,0.38333333333333336
Standard,SchoolWork,Witches,,2019-10-20 14:00,2019-10-20 16:02,UTC-4:00,2:02,2.033333333333333
Standard,Commute,Walk,,2019-10-20 16:02,2019-10-20 16:20,UTC-4:00,0:18,0.3
Standard,Personal,Bathroom,,2019-10-20 16:20,2019-10-20 16:26,UTC-4:00,0:06,0.1
Standard,Personal,Housework,,2019-10-20 16:26,2019-10-20 16:34,UTC-4:00,0:08,0.13333333333333333
Standard,Hope,TV,,2019-10-20 16:34,2019-10-20 17:14,UTC-4:00,0:40,0.6666666666666666
Standard,Personal,Housework,,2019-10-20 17:14,2019-10-20 17:18,UTC-4:00,0:04,0.06666666666666667
Standard,Hope,TV,,2019-10-20 17:19,2019-10-20 18:00,UTC-4:00,0:41,0.6833333333333333
Standard,Personal,Housework,,2019-10-20 18:00,2019-10-20 18:18,UTC-4:00,0:18,0.3
Standard,SchoolWork,Witches,,2019-10-20 18:18,2019-10-20 18:34,UTC-4:00,0:16,0.26666666666666666
Standard,SchoolWork,SOM,,2019-10-20 18:34,2019-10-20 18:56,UTC-4:00,0:22,0.36666666666666664
Standard,Personal,Food,,2019-10-20 18:56,2019-10-20 19:21,UTC-4:00,0:25,0.4166666666666667
Standard,Personal,Housework,,2019-10-20 19:21,2019-10-20 19:27,UTC-4:00,0:06,0.1
Standard,Hope,TV,,2019-10-20 19:27,2019-10-20 20:01,UTC-4:00,0:34,0.5666666666666667
Standard,Personal,Email,,2019-10-20 20:01,2019-10-20 20:09,UTC-4:00,0:08,0.13333333333333333
Standard,Work,UTA,,2019-10-20 20:09,2019-10-20 20:19,UTC-4:00,0:10,0.16666666666666666
Standard,Hope,TV,,2019-10-20 20:19,2019-10-20 22:35,UTC-4:00,2:16,2.2666666666666666
Standard,Commute,Walk,,2019-10-20 22:35,2019-10-20 22:54,UTC-4:00,0:19,0.31666666666666665
Standard,Personal,Games,,2019-10-20 22:54,2019-10-21 00:00,UTC-4:00,1:06,1.1
Standard,Personal,Games,,2019-10-21 00:00,2019-10-21 00:02,UTC-4:00,0:02,0.03333333333333333
Standard,Personal,Sleep,,2019-10-21 00:02,2019-10-21 08:26,UTC-4:00,8:24,8.4
Standard,Personal,Bathroom,,2019-10-21 08:26,2019-10-21 08:49,UTC-4:00,0:23,0.38333333333333336
Standard,Commute,Walk,,2019-10-21 08:49,2019-10-21 09:00,UTC-4:00,0:11,0.18333333333333332
Standard,Work,UTA,,2019-10-21 09:00,2019-10-21 09:52,UTC-4:00,0:52,0.8666666666666667
Standard,Commute,Walk,,2019-10-21 09:52,2019-10-21 10:11,UTC-4:00,0:19,0.31666666666666665
Standard,SchoolWork,CS 465,,2019-10-21 10:11,2019-10-21 10:59,UTC-4:00,0:48,0.8
Standard,Commute,Walk,,2019-10-21 10:59,2019-10-21 11:23,UTC-4:00,0:24,0.4
Standard,Personal,Food,,2019-10-21 11:24,2019-10-21 11:59,UTC-4:00,0:35,0.5833333333333334
Standard,Commute,Walk,,2019-10-21 11:59,2019-10-21 12:11,UTC-4:00,0:12,0.2
Standard,SchoolWork,Witches,,2019-10-21 12:11,2019-10-21 13:11,UTC-4:00,1:00,1.0
Standard,Commute,Walk,,2019-10-21 13:11,2019-10-21 13:16,UTC-4:00,0:05,0.08333333333333333
Standard,Personal,Bathroom,,2019-10-21 13:16,2019-10-21 13:22,UTC-4:00,0:06,0.1
Standard,SchoolWork,CS 461,,2019-10-21 13:22,2019-10-21 14:15,UTC-4:00,0:53,0.8833333333333333
Standard,Commute,Walk,,2019-10-21 14:15,2019-10-21 14:30,UTC-4:00,0:15,0.25
Standard,SchoolWork,STAT 415,,2019-10-21 14:30,2019-10-21 15:22,UTC-4:00,0:52,0.8666666666666667
Standard,Commute,Walk,,2019-10-21 15:22,2019-10-21 15:36,UTC-4:00,0:14,0.23333333333333334
Standard,Work,UTA,,2019-10-21 15:36,2019-10-21 16:22,UTC-4:00,0:46,0.7666666666666667
Standard,Commute,Walk,,2019-10-21 16:22,2019-10-21 16:24,UTC-4:00,0:02,0.03333333333333333
Standard,Personal,Bathroom,,2019-10-21 16:24,2019-10-21 16:26,UTC-4:00,0:02,0.03333333333333333
Standard,SchoolWork,CS 465,,2019-10-21 16:26,2019-10-21 17:30,UTC-4:00,1:04,1.0666666666666667
Standard,Commute,Walk,,2019-10-21 17:30,2019-10-21 17:48,UTC-4:00,0:18,0.3
Standard,Personal,Bathroom,,2019-10-21 17:48,2019-10-21 17:54,UTC-4:00,0:06,0.1
Standard,Commute,Car,,2019-10-21 17:54,2019-10-21 18:10,UTC-4:00,0:16,0.26666666666666666
Standard,Personal,Family Time,,2019-10-21 18:10,2019-10-21 19:46,UTC-4:00,1:36,1.6
Standard,Commute,Car,,2019-10-21 19:46,2019-10-21 20:03,UTC-4:00,0:17,0.2833333333333333
Standard,Personal,Family Time,,2019-10-21 20:03,2019-10-21 22:02,UTC-4:00,1:59,1.9833333333333334
Standard,Personal,Games,,2019-10-21 22:02,2019-10-22 00:00,UTC-4:00,1:58,1.9666666666666666
Standard,Personal,Games,,2019-10-22 00:00,2019-10-22 00:41,UTC-4:00,0:41,0.6833333333333333
Standard,Personal,Sleep,,2019-10-22 00:41,2019-10-22 07:06,UTC-4:00,6:25,6.416666666666667
Standard,Personal,Bathroom,,2019-10-22 07:06,2019-10-22 07:39,UTC-4:00,0:33,0.55
Standard,Personal,Housework,,2019-10-22 07:39,2019-10-22 07:52,UTC-4:00,0:13,0.21666666666666667
Standard,Commute,Walk,,2019-10-22 07:52,2019-10-22 08:00,UTC-4:00,0:08,0.13333333333333333
Standard,Hope,Homework,,2019-10-22 08:00,2019-10-22 08:50,UTC-4:00,0:50,0.8333333333333334
Standard,SchoolWork,SOM,,2019-10-22 08:50,2019-10-22 10:21,UTC-4:00,1:31,1.5166666666666666
Standard,Personal,Bathroom,,2019-10-22 10:21,2019-10-22 10:35,UTC-4:00,0:14,0.23333333333333334
Standard,Personal,Email,,2019-10-22 10:35,2019-10-22 10:51,UTC-4:00,0:16,0.26666666666666666
Standard,SchoolWork,CS 465,,2019-10-22 10:51,2019-10-22 11:13,UTC-4:00,0:22,0.36666666666666664
Standard,Personal,Food,,2019-10-22 11:13,2019-10-22 11:23,UTC-4:00,0:10,0.16666666666666666
Standard,SchoolWork,CS 465,,2019-10-22 11:23,2019-10-22 11:40,UTC-4:00,0:17,0.2833333333333333
Standard,Personal,Food,,2019-10-22 11:40,2019-10-22 11:53,UTC-4:00,0:13,0.21666666666666667
Standard,SchoolWork,CS 465,,2019-10-22 11:53,2019-10-22 11:58,UTC-4:00,0:05,0.08333333333333333
Standard,Commute,Walk,,2019-10-22 11:58,2019-10-22 12:07,UTC-4:00,0:09,0.15
Standard,Personal,Housework,,2019-10-22 12:07,2019-10-22 12:11,UTC-4:00,0:04,0.06666666666666667
Standard,Personal,Games,,2019-10-22 12:11,2019-10-22 15:04,UTC-4:00,2:53,2.8833333333333333
Standard,Commute,Bus,,2019-10-22 15:04,2019-10-22 15:21,UTC-4:00,0:17,0.2833333333333333
Standard,Work,ARL,,2019-10-22 15:21,2019-10-22 17:05,UTC-4:00,1:44,1.7333333333333334
Standard,Commute,Bus,,2019-10-22 17:05,2019-10-22 17:37,UTC-4:00,0:32,0.5333333333333333
Standard,Personal,Errand,,2019-10-22 17:37,2019-10-22 18:02,UTC-4:00,0:25,0.4166666666666667
Standard,Personal,Food,,2019-10-22 18:02,2019-10-22 18:45,UTC-4:00,0:43,0.7166666666666667
Standard,Commute,Walk,,2019-10-22 18:46,2019-10-22 18:53,UTC-4:00,0:07,0.11666666666666667
Standard,APO,Meeting,,2019-10-22 18:53,2019-10-22 19:37,UTC-4:00,0:44,0.7333333333333333
Standard,Commute,Bus,,2019-10-22 19:37,2019-10-22 19:47,UTC-4:00,0:10,0.16666666666666666
Standard,SchoolWork,CS 465,,2019-10-22 19:47,2019-10-22 20:43,UTC-4:00,0:56,0.9333333333333333
Standard,Commute,Walk,,2019-10-22 20:43,2019-10-22 21:07,UTC-4:00,0:24,0.4
Standard,Hope,TV,,2019-10-22 21:07,2019-10-22 21:54,UTC-4:00,0:47,0.7833333333333333
Standard,Commute,Walk,,2019-10-22 21:54,2019-10-22 22:12,UTC-4:00,0:18,0.3
Standard,Personal,Games,,2019-10-22 22:13,2019-10-23 00:00,UTC-4:00,1:47,1.7833333333333334
Standard,Personal,Games,,2019-10-23 00:00,2019-10-23 00:40,UTC-4:00,0:40,0.6666666666666666
Standard,Personal,Sleep,,2019-10-23 00:40,2019-10-23 07:30,UTC-4:00,6:50,6.833333333333333
Standard,Personal,Bathroom,,2019-10-23 07:30,2019-10-23 08:14,UTC-4:00,0:44,0.7333333333333333
Standard,Personal,Games,,2019-10-23 08:14,2019-10-23 10:26,UTC-4:00,2:12,2.2
Standard,Personal,Housework,,2019-10-23 10:26,2019-10-23 10:37,UTC-4:00,0:11,0.18333333333333332
Standard,Commute,Walk,,2019-10-23 10:37,2019-10-23 10:46,UTC-4:00,0:09,0.15
Standard,Personal,Food,,2019-10-23 10:46,2019-10-23 11:16,UTC-4:00,0:30,0.5
Standard,SchoolWork,CS 465,,2019-10-23 11:16,2019-10-23 11:44,UTC-4:00,0:28,0.4666666666666667
Standard,SchoolWork,STAT 415,,2019-10-23 11:44,2019-10-23 13:09,UTC-4:00,1:25,1.4166666666666667
Standard,Commute,Walk,,2019-10-23 13:09,2019-10-23 13:17,UTC-4:00,0:08,0.13333333333333333
Standard,SchoolWork,CS 461,,2019-10-23 13:17,2019-10-23 14:16,UTC-4:00,0:59,0.9833333333333333
Standard,Commute,Walk,,2019-10-23 14:16,2019-10-23 14:28,UTC-4:00,0:12,0.2
Standard,Personal,Bathroom,,2019-10-23 14:28,2019-10-23 14:41,UTC-4:00,0:13,0.21666666666666667
Standard,SchoolWork,STAT 415,,2019-10-23 14:41,2019-10-23 15:23,UTC-4:00,0:42,0.7
Standard,Commute,Walk,,2019-10-23 15:23,2019-10-23 15:37,UTC-4:00,0:14,0.23333333333333334
Standard,SchoolWork,DS 300,,2019-10-23 15:37,2019-10-23 16:21,UTC-4:00,0:44,0.7333333333333333
Standard,Commute,Walk,,2019-10-23 16:21,2019-10-23 16:33,UTC-4:00,0:12,0.2
Standard,SchoolWork,CS 465,,2019-10-23 16:33,2019-10-23 17:33,UTC-4:00,1:00,1.0
Standard,Commute,Walk,,2019-10-23 17:33,2019-10-23 17:50,UTC-4:00,0:17,0.2833333333333333
Standard,Personal,Food,,2019-10-23 17:50,2019-10-23 18:22,UTC-4:00,0:32,0.5333333333333333
Standard,Commute,Walk,,2019-10-23 18:22,2019-10-23 18:32,UTC-4:00,0:10,0.16666666666666666
Standard,APO,Meeting,,2019-10-23 18:32,2019-10-23 21:03,UTC-4:00,2:31,2.5166666666666666
Standard,Commute,Walk,,2019-10-23 21:03,2019-10-23 21:17,UTC-4:00,0:14,0.23333333333333334
Standard,Hope,Event,,2019-10-23 21:17,2019-10-23 23:08,UTC-4:00,1:51,1.85
Standard,Commute,Walk,,2019-10-23 23:08,2019-10-23 23:16,UTC-4:00,0:08,0.13333333333333333
Standard,Personal,Bathroom,,2019-10-23 23:16,2019-10-23 23:35,UTC-4:00,0:19,0.31666666666666665
Standard,Personal,Games,,2019-10-23 23:35,2019-10-24 00:00,UTC-4:00,0:25,0.4166666666666667
Standard,Personal,Sleep,,2019-10-24 00:00,2019-10-24 07:45,UTC-4:00,7:45,7.75
Standard,Personal,Bathroom,,2019-10-24 07:45,2019-10-24 08:24,UTC-4:00,0:39,0.65
Standard,Personal,Housework,,2019-10-24 08:24,2019-10-24 08:43,UTC-4:00,0:19,0.31666666666666665
Standard,Commute,Walk,,2019-10-24 08:43,2019-10-24 08:57,UTC-4:00,0:14,0.23333333333333334
Standard,SchoolWork,SOM,,2019-10-24 08:57,2019-10-24 10:22,UTC-4:00,1:25,1.4166666666666667
Standard,Commute,Walk,,2019-10-24 10:22,2019-10-24 10:33,UTC-4:00,0:11,0.18333333333333332
Standard,SchoolWork,SOM,,2019-10-24 10:33,2019-10-24 11:29,UTC-4:00,0:56,0.9333333333333333
Standard,Personal,Food,,2019-10-24 11:29,2019-10-24 11:48,UTC-4:00,0:19,0.31666666666666665
Standard,SchoolWork,DS 300,,2019-10-24 11:48,2019-10-24 11:59,UTC-4:00,0:11,0.18333333333333332
Standard,Commute,Walk,,2019-10-24 11:59,2019-10-24 12:15,UTC-4:00,0:16,0.26666666666666666
Standard,Personal,Food,,2019-10-24 12:15,2019-10-24 12:43,UTC-4:00,0:28,0.4666666666666667
Standard,Personal,Games,,2019-10-24 12:43,2019-10-24 13:23,UTC-4:00,0:40,0.6666666666666666
Standard,Commute,Walk,,2019-10-24 13:23,2019-10-24 13:44,UTC-4:00,0:21,0.35
Standard,Personal,Games,,2019-10-24 13:44,2019-10-24 15:03,UTC-4:00,1:19,1.3166666666666667
Standard,Commute,Bus,,2019-10-24 15:03,2019-10-24 15:34,UTC-4:00,0:31,0.5166666666666667
Standard,Work,ARL,,2019-10-24 15:34,2019-10-24 17:05,UTC-4:00,1:31,1.5166666666666666
Standard,Commute,Bus,,2019-10-24 17:05,2019-10-24 17:26,UTC-4:00,0:21,0.35
Standard,Commute,Walk,,2019-10-24 17:26,2019-10-24 17:53,UTC-4:00,0:27,0.45
Standard,Personal,Food,,2019-10-24 17:53,2019-10-24 19:13,UTC-4:00,1:20,1.3333333333333333
Standard,Commute,Walk,,2019-10-24 19:13,2019-10-24 19:24,UTC-4:00,0:11,0.18333333333333332
Standard,APO,Scouting,,2019-10-24 19:24,2019-10-24 20:45,UTC-4:00,1:21,1.35
Standard,SchoolWork,Witches,,2019-10-24 20:46,2019-10-24 22:24,UTC-4:00,1:38,1.6333333333333333
Standard,Hope,Games,,2019-10-24 22:24,2019-10-24 23:42,UTC-4:00,1:18,1.3
Standard,Hope,TV,,2019-10-24 23:42,2019-10-25 00:00,UTC-4:00,0:18,0.3
Standard,Hope,TV,,2019-10-25 00:00,2019-10-25 00:02,UTC-4:00,0:02,0.03333333333333333
Standard,Commute,Walk,,2019-10-25 00:02,2019-10-25 00:22,UTC-4:00,0:20,0.3333333333333333
Standard,Personal,Sleep,,2019-10-25 00:22,2019-10-25 07:03,UTC-4:00,6:41,6.683333333333334
Standard,Personal,Bathroom,,2019-10-25 07:03,2019-10-25 07:33,UTC-4:00,0:30,0.5
Standard,Personal,Food,,2019-10-25 07:33,2019-10-25 08:05,UTC-4:00,0:32,0.5333333333333333
Standard,Commute,Bus,,2019-10-25 08:05,2019-10-25 08:26,UTC-4:00,0:21,0.35
Standard,Work,ARL,,2019-10-25 08:26,2019-10-25 09:40,UTC-4:00,1:14,1.2333333333333334
Standard,Commute,Bus,,2019-10-25 09:40,2019-10-25 09:58,UTC-4:00,0:18,0.3
Standard,Commute,Walk,,2019-10-25 09:58,2019-10-25 10:06,UTC-4:00,0:08,0.13333333333333333
Standard,Work,UTA,,2019-10-25 10:06,2019-10-25 11:06,UTC-4:00,1:00,1.0
Standard,Commute,Walk,,2019-10-25 11:06,2019-10-25 11:28,UTC-4:00,0:22,0.36666666666666664
Standard,Personal,Food,,2019-10-25 11:28,2019-10-25 11:55,UTC-4:00,0:27,0.45
Standard,Personal,Bathroom,,2019-10-25 11:55,2019-10-25 12:08,UTC-4:00,0:13,0.21666666666666667
Standard,SchoolWork,DS 300,,2019-10-25 12:08,2019-10-25 13:01,UTC-4:00,0:53,0.8833333333333333
Standard,Personal,Email,,2019-10-25 13:01,2019-10-25 13:09,UTC-4:00,0:08,0.13333333333333333
Standard,Commute,Walk,,2019-10-25 13:09,2019-10-25 13:21,UTC-4:00,0:12,0.2
Standard,SchoolWork,CS 461,,2019-10-25 13:21,2019-10-25 14:16,UTC-4:00,0:55,0.9166666666666666
Standard,Commute,Walk,,2019-10-25 14:16,2019-10-25 14:27,UTC-4:00,0:11,0.18333333333333332
Standard,SchoolWork,STAT 415,,2019-10-25 14:27,2019-10-25 15:22,UTC-4:00,0:55,0.9166666666666666
Standard,Commute,Walk,,2019-10-25 15:22,2019-10-25 15:34,UTC-4:00,0:12,0.2
Standard,Personal,Bathroom,,2019-10-25 15:34,2019-10-25 15:37,UTC-4:00,0:03,0.05
Standard,SchoolWork,CS 461,,2019-10-25 15:37,2019-10-25 16:22,UTC-4:00,0:45,0.75
Standard,Commute,Walk,,2019-10-25 16:22,2019-10-25 16:38,UTC-4:00,0:16,0.26666666666666666
Standard,SchoolWork,CS 465,,2019-10-25 16:38,2019-10-25 17:31,UTC-4:00,0:53,0.8833333333333333
Standard,Commute,Walk,,2019-10-25 17:31,2019-10-25 17:55,UTC-4:00,0:24,0.4
Standard,Personal,Food,,2019-10-25 17:55,2019-10-25 18:43,UTC-4:00,0:48,0.8
Standard,Personal,Games,,2019-10-25 18:43,2019-10-25 21:21,UTC-4:00,2:38,2.6333333333333333
Standard,Hope,Event,,2019-10-25 21:21,2019-10-26 00:00,UTC-4:00,2:39,2.65
Standard,Hope,Event,,2019-10-26 00:00,2019-10-26 00:34,UTC-4:00,0:34,0.5666666666666667
Standard,Commute,Bus,,2019-10-26 00:34,2019-10-26 01:24,UTC-4:00,0:50,0.8333333333333334
Standard,Personal,Games,,2019-10-26 01:24,2019-10-26 03:30,UTC-4:00,2:06,2.1
Standard,Personal,Sleep,,2019-10-26 03:30,2019-10-26 08:38,UTC-4:00,5:08,5.133333333333334
Standard,Personal,Housework,,2019-10-26 08:38,2019-10-26 09:06,UTC-4:00,0:28,0.4666666666666667
Standard,Commute,Car,,2019-10-26 09:06,2019-10-26 10:21,UTC-4:00,1:15,1.25
Standard,Personal,Errand,,2019-10-26 10:21,2019-10-26 10:53,UTC-4:00,0:32,0.5333333333333333
Standard,Commute,Car,,2019-10-26 10:53,2019-10-26 11:34,UTC-4:00,0:41,0.6833333333333333
Standard,Hope,Event,,2019-10-26 11:34,2019-10-26 14:25,UTC-4:00,2:51,2.85
Standard,Personal,Food,,2019-10-26 14:25,2019-10-26 15:04,UTC-4:00,0:39,0.65
Standard,Commute,Car,,2019-10-26 15:04,2019-10-26 15:20,UTC-4:00,0:16,0.26666666666666666
Standard,Personal,Family Time,,2019-10-26 15:20,2019-10-26 17:17,UTC-4:00,1:57,1.95
Standard,Commute,Car,,2019-10-26 17:17,2019-10-26 17:23,UTC-4:00,0:06,0.1
Standard,Personal,Errand,,2019-10-26 17:23,2019-10-26 17:57,UTC-4:00,0:34,0.5666666666666667
Standard,Personal,Family Time,,2019-10-26 17:57,2019-10-26 20:56,UTC-4:00,2:59,2.9833333333333334
Standard,Hope,Event,,2019-10-26 20:56,2019-10-27 00:00,UTC-4:00,3:04,3.066666666666667
Standard,Hope,Event,,2019-10-27 00:00,2019-10-27 00:35,UTC-4:00,0:35,0.5833333333333334
Standard,Personal,Housework,,2019-10-27 00:35,2019-10-27 01:00,UTC-4:00,0:25,0.4166666666666667
Standard,Personal,Sleep,,2019-10-27 01:00,2019-10-27 07:50,UTC-4:00,6:50,6.833333333333333
Standard,Commute,Car,,2019-10-27 07:50,2019-10-27 10:04,UTC-4:00,2:14,2.2333333333333334
Standard,Personal,Family Time,,2019-10-27 10:04,2019-10-27 12:03,UTC-4:00,1:59,1.9833333333333334
Standard,Commute,Car,,2019-10-27 12:03,2019-10-27 12:38,UTC-4:00,0:35,0.5833333333333334
Standard,APO,Event,,2019-10-27 12:38,2019-10-27 17:40,UTC-4:00,5:02,5.033333333333333
Standard,Commute,Car,,2019-10-27 17:40,2019-10-27 20:43,UTC-4:00,3:03,3.05
Standard,Commute,Walk,,2019-10-27 20:43,2019-10-27 21:10,UTC-4:00,0:27,0.45
Standard,Hope,TV,,2019-10-27 21:10,2019-10-27 23:18,UTC-4:00,2:08,2.1333333333333333
Standard,Commute,Walk,,2019-10-27 23:18,2019-10-27 23:23,UTC-4:00,0:05,0.08333333333333333
Standard,Personal,TV,,2019-10-27 23:23,2019-10-28 00:00,UTC-4:00,0:37,0.6166666666666667
Standard,Personal,TV,,2019-10-28 00:00,2019-10-28 07:07,UTC-4:00,7:07,7.116666666666666
Standard,Personal,Bathroom,,2019-10-28 07:07,2019-10-28 08:32,UTC-4:00,1:25,1.4166666666666667
Standard,Commute,Walk,,2019-10-28 08:32,2019-10-28 08:47,UTC-4:00,0:15,0.25
Standard,Work,UTA,,2019-10-28 08:47,2019-10-28 09:44,UTC-4:00,0:57,0.95
Standard,Commute,Walk,,2019-10-28 09:44,2019-10-28 10:00,UTC-4:00,0:16,0.26666666666666666
Standard,SchoolWork,CS 465,,2019-10-28 10:00,2019-10-28 10:55,UTC-4:00,0:55,0.9166666666666666
Standard,Commute,Walk,,2019-10-28 10:55,2019-10-28 11:08,UTC-4:00,0:13,0.21666666666666667
Standard,Personal,Food,,2019-10-28 11:08,2019-10-28 12:01,UTC-4:00,0:53,0.8833333333333333
Standard,Commute,Walk,,2019-10-28 12:01,2019-10-28 12:10,UTC-4:00,0:09,0.15
Standard,SchoolWork,Witches,,2019-10-28 12:10,2019-10-28 13:11,UTC-4:00,1:01,1.0166666666666666
Standard,Commute,Walk,,2019-10-28 13:11,2019-10-28 13:15,UTC-4:00,0:04,0.06666666666666667
Standard,SchoolWork,CS 461,,2019-10-28 13:15,2019-10-28 13:53,UTC-4:00,0:38,0.6333333333333333
Standard,Personal,Email,,2019-10-28 13:53,2019-10-28 14:03,UTC-4:00,0:10,0.16666666666666666
Standard,Commute,Walk,,2019-10-28 14:03,2019-10-28 14:14,UTC-4:00,0:11,0.18333333333333332
Standard,SchoolWork,STAT 415,,2019-10-28 14:14,2019-10-28 15:17,UTC-4:00,1:03,1.05
Standard,Commute,Walk,,2019-10-28 15:17,2019-10-28 15:28,UTC-4:00,0:11,0.18333333333333332
Standard,Personal,TV,,2019-10-28 15:28,2019-10-28 15:41,UTC-4:00,0:13,0.21666666666666667
Standard,Personal,Bathroom,,2019-10-28 15:41,2019-10-28 15:50,UTC-4:00,0:09,0.15
Standard,Hope,Homework,,2019-10-28 15:50,2019-10-28 16:29,UTC-4:00,0:39,0.65
Standard,Commute,Walk,,2019-10-28 16:29,2019-10-28 16:38,UTC-4:00,0:09,0.15
Standard,SchoolWork,CS 465,,2019-10-28 16:38,2019-10-28 17:33,UTC-4:00,0:55,0.9166666666666666
Standard,Commute,Walk,,2019-10-28 17:33,2019-10-28 17:53,UTC-4:00,0:20,0.3333333333333333
Standard,Personal,Errand,,2019-10-28 17:53,2019-10-28 18:45,UTC-4:00,0:52,0.8666666666666667
Standard,Personal,Food,,2019-10-28 18:45,2019-10-28 19:55,UTC-4:00,1:10,1.1666666666666667
Standard,Personal,Games,,2019-10-28 19:55,2019-10-29 00:00,UTC-4:00,4:05,4.083333333333333
Standard,Personal,Games,,2019-10-29 00:00,2019-10-29 00:02,UTC-4:00,0:02,0.03333333333333333
Standard,Personal,TV,,2019-10-29 00:02,2019-10-29 00:13,UTC-4:00,0:11,0.18333333333333332
Standard,Personal,Sleep,,2019-10-29 00:13,2019-10-29 07:15,UTC-4:00,7:02,7.033333333333333
Standard,Personal,Bathroom,,2019-10-29 07:15,2019-10-29 07:54,UTC-4:00,0:39,0.65
Standard,Personal,Housework,,2019-10-29 07:54,2019-10-29 08:02,UTC-4:00,0:08,0.13333333333333333
Standard,Commute,Walk,,2019-10-29 08:02,2019-10-29 08:10,UTC-4:00,0:08,0.13333333333333333
Standard,Hope,Event,,2019-10-29 08:10,2019-10-29 08:51,UTC-4:00,0:41,0.6833333333333333
Standard,SchoolWork,SOM,,2019-10-29 08:51,2019-10-29 10:20,UTC-4:00,1:29,1.4833333333333334
Standard,Commute,Walk,,2019-10-29 10:20,2019-10-29 10:32,UTC-4:00,0:12,0.2
Standard,Personal,Bathroom,,2019-10-29 10:32,2019-10-29 10:46,UTC-4:00,0:14,0.23333333333333334
Standard,SchoolWork,CS 465,,2019-10-29 10:46,2019-10-29 11:09,UTC-4:00,0:23,0.38333333333333336
Standard,Personal,Food,,2019-10-29 11:09,2019-10-29 11:40,UTC-4:00,0:31,0.5166666666666667
Standard,SchoolWork,CS 465,,2019-10-29 11:40,2019-10-29 12:13,UTC-4:00,0:33,0.55
Standard,Personal,Email,,2019-10-29 12:13,2019-10-29 12:17,UTC-4:00,0:04,0.06666666666666667
Standard,Commute,Walk,,2019-10-29 12:17,2019-10-29 12:30,UTC-4:00,0:13,0.21666666666666667
Standard,Personal,Bathroom,,2019-10-29 12:30,2019-10-29 12:39,UTC-4:00,0:09,0.15
Standard,Personal,Games,,2019-10-29 12:39,2019-10-29 13:14,UTC-4:00,0:35,0.5833333333333334
Standard,Commute,Walk,,2019-10-29 13:14,2019-10-29 13:29,UTC-4:00,0:15,0.25
Standard,SchoolWork,DS 300,,2019-10-29 13:29,2019-10-29 15:09,UTC-4:00,1:40,1.6666666666666667
Standard,Commute,Bus,,2019-10-29 15:09,2019-10-29 15:23,UTC-4:00,0:14,0.23333333333333334
Standard,Work,ARL,,2019-10-29 15:23,2019-10-29 17:06,UTC-4:00,1:43,1.7166666666666666
Standard,Commute,Bus,,2019-10-29 17:06,2019-10-29 17:42,UTC-4:00,0:36,0.6
Standard,Personal,Food,,2019-10-29 17:42,2019-10-29 19:02,UTC-4:00,1:20,1.3333333333333333
Standard,Personal,Housework,,2019-10-29 19:02,2019-10-29 20:17,UTC-4:00,1:15,1.25
Standard,Commute,Walk,,2019-10-29 20:17,2019-10-29 20:30,UTC-4:00,0:13,0.21666666666666667
Standard,Hope,TV,,2019-10-29 20:30,2019-10-30 00:00,UTC-4:00,3:30,3.5
Standard,Hope,TV,,2019-10-30 00:00,2019-10-30 00:21,UTC-4:00,0:21,0.35
Standard,Commute,Walk,,2019-10-30 00:21,2019-10-30 00:38,UTC-4:00,0:17,0.2833333333333333
Standard,Personal,Sleep,,2019-10-30 00:38,2019-10-30 07:28,UTC-4:00,6:50,6.833333333333333
Standard,Personal,Housework,,2019-10-30 07:28,2019-10-30 08:03,UTC-4:00,0:35,0.5833333333333334
Standard,Personal,Games,,2019-10-30 08:03,2019-10-30 09:46,UTC-4:00,1:43,1.7166666666666666
Standard,Personal,Housework,,2019-10-30 09:46,2019-10-30 09:48,UTC-4:00,0:02,0.03333333333333333
Standard,Personal,Errand,,2019-10-30 09:48,2019-10-30 10:38,UTC-4:00,0:50,0.8333333333333334
Standard,Commute,Walk,,2019-10-30 10:38,2019-10-30 10:45,UTC-4:00,0:07,0.11666666666666667
Standard,Personal,Food,,2019-10-30 10:45,2019-10-30 11:39,UTC-4:00,0:54,0.9
Standard,SchoolWork,Witches,,2019-10-30 11:39,2019-10-30 11:55,UTC-4:00,0:16,0.26666666666666666
Standard,Commute,Walk,,2019-10-30 11:55,2019-10-30 11:59,UTC-4:00,0:04,0.06666666666666667
Standard,Personal,Bathroom,,2019-10-30 11:59,2019-10-30 12:14,UTC-4:00,0:15,0.25
Standard,SchoolWork,Witches,,2019-10-30 12:14,2019-10-30 13:08,UTC-4:00,0:54,0.9
Standard,Commute,Walk,,2019-10-30 13:08,2019-10-30 13:14,UTC-4:00,0:06,0.1
Standard,SchoolWork,CS 461,,2019-10-30 13:14,2019-10-30 14:15,UTC-4:00,1:01,1.0166666666666666
Standard,Commute,Walk,,2019-10-30 14:15,2019-10-30 14:26,UTC-4:00,0:11,0.18333333333333332
Standard,SchoolWork,STAT 415,,2019-10-30 14:26,2019-10-30 15:27,UTC-4:00,1:01,1.0166666666666666
Standard,Commute,Walk,,2019-10-30 15:27,2019-10-30 15:40,UTC-4:00,0:13,0.21666666666666667
Standard,Hope,TV,,2019-10-30 15:40,2019-10-30 20:04,UTC-4:00,4:24,4.4
Standard,Commute,Walk,,2019-10-30 20:04,2019-10-30 20:12,UTC-4:00,0:08,0.13333333333333333
Standard,APO,Meeting,,2019-10-30 20:12,2019-10-30 21:50,UTC-4:00,1:38,1.6333333333333333
Standard,Hope,Event,,2019-10-30 21:50,2019-10-31 00:00,UTC-4:00,2:10,2.1666666666666665
Standard,Hope,Event,,2019-10-31 00:00,2019-10-31 00:07,UTC-4:00,0:07,0.11666666666666667
Standard,Commute,Walk,,2019-10-31 00:07,2019-10-31 00:24,UTC-4:00,0:17,0.2833333333333333
Standard,Personal,Housework,,2019-10-31 00:24,2019-10-31 00:37,UTC-4:00,0:13,0.21666666666666667
Standard,Personal,Sleep,,2019-10-31 00:37,2019-10-31 07:14,UTC-4:00,6:37,6.616666666666666
Standard,Personal,Bathroom,,2019-10-31 07:14,2019-10-31 07:44,UTC-4:00,0:30,0.5
Standard,Personal,Housework,,2019-10-31 07:44,2019-10-31 08:43,UTC-4:00,0:59,0.9833333333333333
Standard,Commute,Walk,,2019-10-31 08:43,2019-10-31 08:59,UTC-4:00,0:16,0.26666666666666666
Standard,SchoolWork,SOM,,2019-10-31 08:59,2019-10-31 10:20,UTC-4:00,1:21,1.35
Standard,Commute,Walk,,2019-10-31 10:20,2019-10-31 10:35,UTC-4:00,0:15,0.25
Standard,SchoolWork,STAT 415,,2019-10-31 10:35,2019-10-31 11:19,UTC-4:00,0:44,0.7333333333333333
Standard,Personal,Food,,2019-10-31 11:19,2019-10-31 12:19,UTC-4:00,1:00,1.0
Standard,SchoolWork,STAT 415,,2019-10-31 12:19,2019-10-31 12:56,UTC-4:00,0:37,0.6166666666666667
Standard,Personal,Bathroom,,2019-10-31 12:56,2019-10-31 13:11,UTC-4:00,0:15,0.25
Standard,Commute,Walk,,2019-10-31 13:11,2019-10-31 13:25,UTC-4:00,0:14,0.23333333333333334
Standard,SchoolWork,DS 300,,2019-10-31 13:25,2019-10-31 14:51,UTC-4:00,1:26,1.4333333333333333
Standard,Commute,Walk,,2019-10-31 14:51,2019-10-31 15:05,UTC-4:00,0:14,0.23333333333333334
Standard,Commute,Bus,,2019-10-31 15:05,2019-10-31 15:24,UTC-4:00,0:19,0.31666666666666665
Standard,Work,ARL,,2019-10-31 15:24,2019-10-31 16:51,UTC-4:00,1:27,1.45
Standard,Commute,Bus,,2019-10-31 16:51,2019-10-31 17:47,UTC-4:00,0:56,0.9333333333333333
Standard,Personal,Housework,,2019-10-31 17:47,2019-10-31 19:05,UTC-4:00,1:18,1.3
Standard,Personal,TV,,2019-10-31 19:05,2019-10-31 20:15,UTC-4:00,1:10,1.1666666666666667
Standard,SchoolWork,STAT 415,,2019-10-31 20:15,2019-10-31 20:47,UTC-4:00,0:32,0.5333333333333333
Standard,Personal,Games,,2019-10-31 20:47,2019-10-31 22:15,UTC-4:00,1:28,1.4666666666666666
Standard,Personal,Errand,,2019-10-31 22:15,2019-10-31 22:45,UTC-4:00,0:30,0.5
Standard,Personal,Games,,2019-10-31 22:45,2019-10-31 23:47,UTC-4:00,1:02,1.0333333333333334
Standard,Personal,Bathroom,,2019-10-31 23:47,2019-11-01 00:00,UTC-4:00,0:13,0.21666666666666667
Standard,Personal,Bathroom,,2019-11-01 00:00,2019-11-01 00:06,UTC-4:00,0:06,0.1
Standard,Personal,TV,,2019-11-01 00:06,2019-11-01 02:06,UTC-4:00,2:00,2.0
Standard,Personal,Sleep,,2019-11-01 02:06,2019-11-01 08:27,UTC-4:00,6:21,6.35
Standard,Personal,Bathroom,,2019-11-01 08:27,2019-11-01 08:50,UTC-4:00,0:23,0.38333333333333336
Standard,Personal,Housework,,2019-11-01 08:50,2019-11-01 09:52,UTC-4:00,1:02,1.0333333333333334
Standard,Commute,Walk,,2019-11-01 09:52,2019-11-01 10:05,UTC-4:00,0:13,0.21666666666666667
Standard,Work,UTA,,2019-11-01 10:05,2019-11-01 11:01,UTC-4:00,0:56,0.9333333333333333
Standard,Commute,Walk,,2019-11-01 11:01,2019-11-01 11:21,UTC-4:00,0:20,0.3333333333333333
Standard,Personal,Food,,2019-11-01 11:21,2019-11-01 11:59,UTC-4:00,0:38,0.6333333333333333
Standard,Commute,Walk,,2019-11-01 11:59,2019-11-01 12:13,UTC-4:00,0:14,0.23333333333333334
Standard,SchoolWork,Witches,,2019-11-01 12:13,2019-11-01 13:12,UTC-4:00,0:59,0.9833333333333333
Standard,Commute,Walk,,2019-11-01 13:12,2019-11-01 13:19,UTC-4:00,0:07,0.11666666666666667
Standard,SchoolWork,CS 461,,2019-11-01 13:19,2019-11-01 14:17,UTC-4:00,0:58,0.9666666666666667
Standard,Commute,Walk,,2019-11-01 14:17,2019-11-01 14:49,UTC-4:00,0:32,0.5333333333333333
Standard,APO,Event,,2019-11-01 14:49,2019-11-01 18:05,UTC-4:00,3:16,3.2666666666666666
Standard,Hope,TV,,2019-11-01 18:05,2019-11-02 00:00,UTC-4:00,5:55,5.916666666666667
Standard,Hope,Event,,2019-11-02 00:00,2019-11-02 00:32,UTC-4:00,0:32,0.5333333333333333
Standard,Commute,Walk,,2019-11-02 00:32,2019-11-02 00:41,UTC-4:00,0:09,0.15
Standard,Personal,Games,,2019-11-02 00:41,2019-11-02 01:52,UTC-4:00,1:11,1.1833333333333333
Standard,Personal,Sleep,,2019-11-02 01:52,2019-11-02 10:29,UTC-4:00,8:37,8.616666666666667
Standard,Personal,Games,,2019-11-02 10:29,2019-11-02 14:44,UTC-4:00,4:15,4.25
Standard,Personal,Programming Projects,,2019-11-02 14:44,2019-11-03 00:00,UTC-4:00,9:16,9.266666666666667
Standard,Personal,Programming Projects,,2019-11-03 00:00,2019-11-03 01:14,UTC-4:00,2:14,2.2333333333333334
Standard,Personal,Housework,,2019-11-03 01:14,2019-11-03 01:18,UTC-5:00,0:04,0.06666666666666667
Standard,Personal,TV,,2019-11-03 01:18,2019-11-03 01:30,UTC-5:00,0:12,0.2
Standard,Personal,Sleep,,2019-11-03 01:30,2019-11-03 09:26,UTC-5:00,7:56,7.933333333333334
Standard,Personal,Housework,,2019-11-03 09:26,2019-11-03 10:42,UTC-5:00,1:16,1.2666666666666666
Standard,Personal,Errand,,2019-11-03 10:42,2019-11-03 11:28,UTC-5:00,0:46,0.7666666666666667
Standard,Hope,Event,,2019-11-03 11:28,2019-11-03 13:09,UTC-5:00,1:41,1.6833333333333333
Standard,Hope,TV,,2019-11-03 13:09,2019-11-03 19:31,UTC-5:00,6:22,6.366666666666666
Standard,SchoolWork,SOM,,2019-11-03 19:31,2019-11-03 20:10,UTC-5:00,0:39,0.65
Standard,SchoolWork,CS 465,,2019-11-03 20:10,2019-11-03 20:55,UTC-5:00,0:45,0.75
Standard,Commute,Walk,,2019-11-03 20:55,2019-11-03 21:06,UTC-5:00,0:11,0.18333333333333332
Standard,Personal,Housework,,2019-11-03 21:06,2019-11-03 21:10,UTC-5:00,0:04,0.06666666666666667
Standard,Personal,Games,,2019-11-03 21:10,2019-11-04 00:00,UTC-5:00,2:50,2.8333333333333335
Standard,Personal,Sleep,,2019-11-04 00:00,2019-11-04 07:42,UTC-5:00,7:42,7.7
Standard,Personal,Bathroom,,2019-11-04 07:42,2019-11-04 08:45,UTC-5:00,1:03,1.05
Standard,Work,UTA,,2019-11-04 08:45,2019-11-04 09:41,UTC-5:00,0:56,0.9333333333333333
Standard,Commute,Walk,,2019-11-04 09:41,2019-11-04 10:06,UTC-5:00,0:25,0.4166666666666667
Standard,SchoolWork,CS 465,,2019-11-04 10:06,2019-11-04 10:58,UTC-5:00,0:52,0.8666666666666667
Standard,Commute,Walk,,2019-11-04 10:58,2019-11-04 11:10,UTC-5:00,0:12,0.2
Standard,Personal,Food,,2019-11-04 11:10,2019-11-04 12:05,UTC-5:00,0:55,0.9166666666666666
Standard,Commute,Walk,,2019-11-04 12:05,2019-11-04 12:15,UTC-5:00,0:10,0.16666666666666666
Standard,SchoolWork,Witches,,2019-11-04 12:15,2019-11-04 13:05,UTC-5:00,0:50,0.8333333333333334
Standard,Commute,Walk,,2019-11-04 13:05,2019-11-04 13:15,UTC-5:00,0:10,0.16666666666666666
Standard,SchoolWork,CS 461,,2019-11-04 13:15,2019-11-04 14:33,UTC-5:00,1:18,1.3
Standard,SchoolWork,STAT 415,,2019-11-04 14:33,2019-11-04 15:26,UTC-5:00,0:53,0.8833333333333333
Standard,Commute,Walk,,2019-11-04 15:26,2019-11-04 15:45,UTC-5:00,0:19,0.31666666666666665
Standard,SchoolWork,CS 465,,2019-11-04 15:45,2019-11-04 16:23,UTC-5:00,0:38,0.6333333333333333
Standard,Commute,Walk,,2019-11-04 16:23,2019-11-04 16:41,UTC-5:00,0:18,0.3
Standard,SchoolWork,CS 465,,2019-11-04 16:41,2019-11-04 17:34,UTC-5:00,0:53,0.8833333333333333
Standard,Commute,Walk,,2019-11-04 17:34,2019-11-04 18:02,UTC-5:00,0:28,0.4666666666666667
Standard,Personal,Food,,2019-11-04 18:02,2019-11-04 19:34,UTC-5:00,1:32,1.5333333333333334
Standard,Commute,Walk,,2019-11-04 19:34,2019-11-04 19:57,UTC-5:00,0:23,0.38333333333333336
Standard,APO,Event,,2019-11-04 19:57,2019-11-04 20:56,UTC-5:00,0:59,0.9833333333333333
Standard,Commute,Walk,,2019-11-04 20:56,2019-11-04 21:05,UTC-5:00,0:09,0.15
Standard,Hope,TV,,2019-11-04 21:05,2019-11-04 22:09,UTC-5:00,1:04,1.0666666666666667
Standard,Commute,Walk,,2019-11-04 22:09,2019-11-04 22:21,UTC-5:00,0:12,0.2
Standard,Personal,Games,,2019-11-04 22:21,2019-11-05 00:00,UTC-5:00,1:39,1.65
Standard,Personal,Sleep,,2019-11-05 00:00,2019-11-05 07:21,UTC-5:00,7:21,7.35
Standard,Personal,Housework,,2019-11-05 07:21,2019-11-05 07:56,UTC-5:00,0:35,0.5833333333333334
Standard,Commute,Walk,,2019-11-05 07:56,2019-11-05 08:00,UTC-5:00,0:04,0.06666666666666667
Standard,Personal,Food,,2019-11-05 08:00,2019-11-05 08:42,UTC-5:00,0:42,0.7
Standard,Commute,Walk,,2019-11-05 08:42,2019-11-05 08:54,UTC-5:00,0:12,0.2
Standard,SchoolWork,SOM,,2019-11-05 08:54,2019-11-05 10:22,UTC-5:00,1:28,1.4666666666666666
Standard,Commute,Walk,,2019-11-05 10:22,2019-11-05 10:30,UTC-5:00,0:08,0.13333333333333333
Standard,Personal,Email,,2019-11-05 10:30,2019-11-05 10:59,UTC-5:00,0:29,0.48333333333333334
Standard,Personal,Food,,2019-11-05 10:59,2019-11-05 11:40,UTC-5:00,0:41,0.6833333333333333
Standard,SchoolWork,CS 465,,2019-11-05 11:40,2019-11-05 12:12,UTC-5:00,0:32,0.5333333333333333
Standard,Personal,Bathroom,,2019-11-05 12:12,2019-11-05 12:20,UTC-5:00,0:08,0.13333333333333333
Standard,SchoolWork,CS 465,,2019-11-05 12:20,2019-11-05 13:22,UTC-5:00,1:02,1.0333333333333334
Standard,Commute,Walk,,2019-11-05 13:22,2019-11-05 13:33,UTC-5:00,0:11,0.18333333333333332
Standard,SchoolWork,DS 300,,2019-11-05 13:33,2019-11-05 14:52,UTC-5:00,1:19,1.3166666666666667
Standard,Commute,Walk,,2019-11-05 14:52,2019-11-05 15:22,UTC-5:00,0:30,0.5
Standard,Commute,Car,,2019-11-05 15:22,2019-11-05 15:56,UTC-5:00,0:34,0.5666666666666667
Standard,Work,ARL,,2019-11-05 15:56,2019-11-05 17:12,UTC-5:00,1:16,1.2666666666666666
Standard,Commute,Bus,,2019-11-05 17:12,2019-11-05 17:33,UTC-5:00,0:21,0.35
Standard,Personal,Errand,,2019-11-05 17:33,2019-11-05 18:02,UTC-5:00,0:29,0.48333333333333334
Standard,Commute,Walk,,2019-11-05 18:02,2019-11-05 18:52,UTC-5:00,0:50,0.8333333333333334
Standard,Personal,Food,,2019-11-05 18:52,2019-11-05 19:38,UTC-5:00,0:46,0.7666666666666667
Standard,Commute,Walk,,2019-11-05 19:38,2019-11-05 20:23,UTC-5:00,0:45,0.75
Standard,Commute,Bus,,2019-11-05 20:23,2019-11-05 20:41,UTC-5:00,0:18,0.3
Standard,Personal,Email,,2019-11-05 20:41,2019-11-05 21:29,UTC-5:00,0:48,0.8
Standard,Hope,Homework,,2019-11-05 21:29,2019-11-05 21:45,UTC-5:00,0:16,0.26666666666666666
Standard,Hope,TV,,2019-11-05 21:45,2019-11-05 22:37,UTC-5:00,0:52,0.8666666666666667
Standard,Commute,Walk,,2019-11-05 22:37,2019-11-05 22:50,UTC-5:00,0:13,0.21666666666666667
Standard,Personal,Housework,,2019-11-05 22:50,2019-11-05 23:16,UTC-5:00,0:26,0.43333333333333335
Standard,Personal,Sleep,,2019-11-05 23:16,2019-11-06 00:00,UTC-5:00,0:44,0.7333333333333333
Standard,Personal,Sleep,,2019-11-06 00:00,2019-11-06 06:37,UTC-5:00,6:37,6.616666666666666
Standard,Personal,Bathroom,,2019-11-06 06:37,2019-11-06 08:00,UTC-5:00,1:23,1.3833333333333333
Standard,Commute,Bus,,2019-11-06 08:00,2019-11-06 08:24,UTC-5:00,0:24,0.4
Standard,Work,ARL,,2019-11-06 08:24,2019-11-06 09:40,UTC-5:00,1:16,1.2666666666666666
Standard,Commute,Bus,,2019-11-06 09:40,2019-11-06 09:57,UTC-5:00,0:17,0.2833333333333333
Standard,Commute,Walk,,2019-11-06 09:57,2019-11-06 10:08,UTC-5:00,0:11,0.18333333333333332
Standard,Personal,Email,,2019-11-06 10:08,2019-11-06 10:32,UTC-5:00,0:24,0.4
Standard,SchoolWork,DS 300,,2019-11-06 10:32,2019-11-06 10:38,UTC-5:00,0:06,0.1
Standard,Personal,Food,,2019-11-06 10:38,2019-11-06 11:59,UTC-5:00,1:21,1.35
Standard,Commute,Walk,,2019-11-06 11:59,2019-11-06 12:08,UTC-5:00,0:09,0.15
Standard,SchoolWork,Witches,,2019-11-06 12:08,2019-11-06 13:07,UTC-5:00,0:59,0.9833333333333333
Standard,Commute,Walk,,2019-11-06 13:07,2019-11-06 13:14,UTC-5:00,0:07,0.11666666666666667
Standard,SchoolWork,CS 461,,2019-11-06 13:14,2019-11-06 14:15,UTC-5:00,1:01,1.0166666666666666
Standard,Commute,Walk,,2019-11-06 14:15,2019-11-06 14:28,UTC-5:00,0:13,0.21666666666666667
Standard,SchoolWork,STAT 415,,2019-11-06 14:28,2019-11-06 15:30,UTC-5:00,1:02,1.0333333333333334
Standard,Commute,Walk,,2019-11-06 15:30,2019-11-06 15:39,UTC-5:00,0:09,0.15
Standard,SchoolWork,CS 465,,2019-11-06 15:39,2019-11-06 17:32,UTC-5:00,1:53,1.8833333333333333
Standard,Commute,Walk,,2019-11-06 17:32,2019-11-06 18:10,UTC-5:00,0:38,0.6333333333333333
Standard,APO,Scouting,,2019-11-06 18:10,2019-11-06 19:30,UTC-5:00,1:20,1.3333333333333333
Standard,Commute,Walk,,2019-11-06 19:30,2019-11-06 19:51,UTC-5:00,0:21,0.35
Standard,SchoolWork,CS 465,,2019-11-06 19:51,2019-11-06 21:09,UTC-5:00,1:18,1.3
Standard,Commute,Walk,,2019-11-06 21:09,2019-11-06 21:49,UTC-5:00,0:40,0.6666666666666666
Standard,Personal,Games,,2019-11-06 21:49,2019-11-06 23:47,UTC-5:00,1:58,1.9666666666666666
Standard,Personal,TV,,2019-11-06 23:47,2019-11-07 00:00,UTC-5:00,0:13,0.21666666666666667
Standard,Personal,TV,,2019-11-07 00:00,2019-11-07 00:02,UTC-5:00,0:02,0.03333333333333333
Standard,Personal,Sleep,,2019-11-07 00:02,2019-11-07 07:11,UTC-5:00,7:09,7.15
Standard,Personal,Bathroom,,2019-11-07 07:11,2019-11-07 07:53,UTC-5:00,0:42,0.7
Standard,Personal,Housework,,2019-11-07 07:53,2019-11-07 08:14,UTC-5:00,0:21,0.35
Standard,Personal,Food,,2019-11-07 08:14,2019-11-07 08:43,UTC-5:00,0:29,0.48333333333333334
Standard,Commute,Walk,,2019-11-07 08:43,2019-11-07 09:00,UTC-5:00,0:17,0.2833333333333333
Standard,SchoolWork,SOM,,2019-11-07 09:00,2019-11-07 10:08,UTC-5:00,1:08,1.1333333333333333
Standard,Commute,Walk,,2019-11-07 10:08,2019-11-07 10:24,UTC-5:00,0:16,0.26666666666666666
Standard,Personal,Email,,2019-11-07 10:24,2019-11-07 10:40,UTC-5:00,0:16,0.26666666666666666
Standard,SchoolWork,SOM,,2019-11-07 10:40,2019-11-07 11:45,UTC-5:00,1:05,1.0833333333333333
Standard,Personal,Food,,2019-11-07 11:45,2019-11-07 12:10,UTC-5:00,0:25,0.4166666666666667
Standard,Commute,Walk,,2019-11-07 12:10,2019-11-07 12:20,UTC-5:00,0:10,0.16666666666666666
Standard,Personal,Bathroom,,2019-11-07 12:20,2019-11-07 12:37,UTC-5:00,0:17,0.2833333333333333
Standard,SchoolWork,DS 300,,2019-11-07 12:37,2019-11-07 13:23,UTC-5:00,0:46,0.7666666666666667
Standard,Commute,Walk,,2019-11-07 13:23,2019-11-07 13:30,UTC-5:00,0:07,0.11666666666666667
Standard,SchoolWork,DS 300,,2019-11-07 13:30,2019-11-07 14:39,UTC-5:00,1:09,1.15
Standard,Commute,Bus,,2019-11-07 14:39,2019-11-07 14:43,UTC-5:00,0:04,0.06666666666666667
Standard,Personal,Errand,,2019-11-07 14:43,2019-11-07 14:59,UTC-5:00,0:16,0.26666666666666666
Standard,Commute,Bus,,2019-11-07 14:59,2019-11-07 15:27,UTC-5:00,0:28,0.4666666666666667
Standard,Work,ARL,,2019-11-07 15:27,2019-11-07 17:10,UTC-5:00,1:43,1.7166666666666666
Standard,Commute,Bus,,2019-11-07 17:10,2019-11-07 17:27,UTC-5:00,0:17,0.2833333333333333
Standard,Commute,Walk,,2019-11-07 17:27,2019-11-07 17:40,UTC-5:00,0:13,0.21666666666666667
Standard,Personal,Food,,2019-11-07 17:40,2019-11-07 19:00,UTC-5:00,1:20,1.3333333333333333
Standard,Commute,Walk,,2019-11-07 19:00,2019-11-07 19:09,UTC-5:00,0:09,0.15
Standard,Commute,Bus,,2019-11-07 19:09,2019-11-07 19:25,UTC-5:00,0:16,0.26666666666666666
Standard,APO,Scouting,,2019-11-07 19:25,2019-11-07 20:40,UTC-5:00,1:15,1.25
Standard,Commute,Car,,2019-11-07 20:40,2019-11-07 21:08,UTC-5:00,0:28,0.4666666666666667
Standard,Personal,Errand,,2019-11-07 21:08,2019-11-07 21:25,UTC-5:00,0:17,0.2833333333333333
Standard,SchoolWork,STAT 415,,2019-11-07 21:25,2019-11-07 22:25,UTC-5:00,1:00,1.0
Standard,Personal,Games,,2019-11-07 22:25,2019-11-08 00:00,UTC-5:00,1:35,1.5833333333333333
Standard,Personal,Games,,2019-11-08 00:00,2019-11-08 06:57,UTC-5:00,6:57,6.95
Standard,Personal,Bathroom,,2019-11-08 06:57,2019-11-08 07:25,UTC-5:00,0:28,0.4666666666666667
Standard,Personal,Housework,,2019-11-08 07:25,2019-11-08 07:51,UTC-5:00,0:26,0.43333333333333335
Standard,Commute,Bus,,2019-11-08 07:51,2019-11-08 08:12,UTC-5:00,0:21,0.35
Standard,Work,ARL,,2019-11-08 08:12,2019-11-08 09:41,UTC-5:00,1:29,1.4833333333333334
Standard,Commute,Bus,,2019-11-08 09:41,2019-11-08 09:57,UTC-5:00,0:16,0.26666666666666666
Standard,Commute,Walk,,2019-11-08 09:57,2019-11-08 10:05,UTC-5:00,0:08,0.13333333333333333
Standard,Work,UTA,,2019-11-08 10:05,2019-11-08 11:01,UTC-5:00,0:56,0.9333333333333333
Standard,Commute,Walk,,2019-11-08 11:01,2019-11-08 11:17,UTC-5:00,0:16,0.26666666666666666
Standard,Personal,Food,,2019-11-08 11:17,2019-11-08 11:43,UTC-5:00,0:26,0.43333333333333335
Standard,Personal,Bathroom,,2019-11-08 11:43,2019-11-08 12:02,UTC-5:00,0:19,0.31666666666666665
Standard,Personal,Games,,2019-11-08 12:02,2019-11-08 12:52,UTC-5:00,0:50,0.8333333333333334
Standard,Personal,Bathroom,,2019-11-08 12:52,2019-11-08 13:06,UTC-5:00,0:14,0.23333333333333334
Standard,Personal,Email,,2019-11-08 13:06,2019-11-08 13:18,UTC-5:00,0:12,0.2
Standard,Commute,Walk,,2019-11-08 13:18,2019-11-08 13:25,UTC-5:00,0:07,0.11666666666666667
Standard,SchoolWork,CS 461,,2019-11-08 13:25,2019-11-08 14:18,UTC-5:00,0:53,0.8833333333333333
Standard,Commute,Walk,,2019-11-08 14:18,2019-11-08 14:28,UTC-5:00,0:10,0.16666666666666666
Standard,SchoolWork,STAT 415,,2019-11-08 14:28,2019-11-08 15:21,UTC-5:00,0:53,0.8833333333333333
Standard,Commute,Walk,,2019-11-08 15:21,2019-11-08 15:25,UTC-5:00,0:04,0.06666666666666667
Standard,Personal,Bathroom,,2019-11-08 15:25,2019-11-08 15:51,UTC-5:00,0:26,0.43333333333333335
Standard,Personal,Email,,2019-11-08 15:51,2019-11-08 16:31,UTC-5:00,0:40,0.6666666666666666
Standard,SchoolWork,CS 465,,2019-11-08 16:31,2019-11-08 17:32,UTC-5:00,1:01,1.0166666666666666
Standard,Commute,Walk,,2019-11-08 17:32,2019-11-08 17:48,UTC-5:00,0:16,0.26666666666666666
Standard,Personal,Food,,2019-11-08 17:48,2019-11-08 19:21,UTC-5:00,1:33,1.55
Standard,Personal,Housework,,2019-11-08 19:21,2019-11-08 19:33,UTC-5:00,0:12,0.2
Standard,Commute,Bike,,2019-11-08 19:33,2019-11-08 20:26,UTC-5:00,0:53,0.8833333333333333
Standard,Commute,Car,,2019-11-08 20:26,2019-11-08 21:03,UTC-5:00,0:37,0.6166666666666667
Standard,Hope,Event,,2019-11-08 21:03,2019-11-08 21:38,UTC-5:00,0:35,0.5833333333333334
Standard,Hope,TV,,2019-11-08 21:38,2019-11-09 00:00,UTC-5:00,2:22,2.3666666666666667
Standard,Hope,TV,,2019-11-09 00:00,2019-11-09 01:11,UTC-5:00,1:11,1.1833333333333333
Standard,Personal,Sleep,,2019-11-09 01:11,2019-11-09 10:10,UTC-5:00,8:59,8.983333333333333
Standard,Personal,TV,,2019-11-09 10:10,2019-11-09 16:16,UTC-5:00,6:06,6.1
Standard,Commute,Car,,2019-11-09 16:16,2019-11-09 16:45,UTC-5:00,0:29,0.48333333333333334
Standard,Hope,Event,,2019-11-09 16:45,2019-11-09 22:41,UTC-5:00,5:56,5.933333333333334
Standard,Personal,Games,,2019-11-09 22:41,2019-11-10 00:00,UTC-5:00,1:19,1.3166666666666667
Standard,Personal,Games,,2019-11-10 00:00,2019-11-10 01:11,UTC-5:00,1:11,1.1833333333333333
Standard,Personal,Sleep,,2019-11-10 01:11,2019-11-10 09:21,UTC-5:00,8:10,8.166666666666666
Standard,Personal,TV,,2019-11-10 09:21,2019-11-10 11:30,UTC-5:00,2:09,2.15
Standard,Hope,Event,,2019-11-10 11:30,2019-11-10 14:03,UTC-5:00,2:33,2.55
Standard,Commute,Car,,2019-11-10 14:03,2019-11-10 14:36,UTC-5:00,0:33,0.55
Standard,Personal,Housework,,2019-11-10 14:36,2019-11-10 14:43,UTC-5:00,0:07,0.11666666666666667
Standard,Personal,Bathroom,,2019-11-10 14:43,2019-11-10 15:00,UTC-5:00,0:17,0.2833333333333333
Standard,SchoolWork,SOM,,2019-11-10 15:00,2019-11-10 15:33,UTC-5:00,0:33,0.55
Standard,SchoolWork,CS 461,,2019-11-10 15:33,2019-11-10 16:25,UTC-5:00,0:52,0.8666666666666667
Standard,Commute,Car,,2019-11-10 16:25,2019-11-10 17:15,UTC-5:00,0:50,0.8333333333333334
Standard,Personal,TV,,2019-11-10 17:15,2019-11-10 18:09,UTC-5:00,0:54,0.9
Standard,SchoolWork,CS 465,,2019-11-10 18:09,2019-11-10 18:18,UTC-5:00,0:09,0.15
Standard,Hope,TV,,2019-11-10 18:18,2019-11-10 21:03,UTC-5:00,2:45,2.75
Standard,Commute,Car,,2019-11-10 21:03,2019-11-10 21:30,UTC-5:00,0:27,0.45
Standard,SchoolWork,STAT 415,,2019-11-10 21:30,2019-11-10 22:17,UTC-5:00,0:47,0.7833333333333333
Standard,Personal,Games,,2019-11-10 22:17,2019-11-11 00:00,UTC-5:00,1:43,1.7166666666666666
Standard,Personal,Games,,2019-11-11 00:00,2019-11-11 00:22,UTC-5:00,0:22,0.36666666666666664
Standard,Personal,Sleep,,2019-11-11 00:22,2019-11-11 07:02,UTC-5:00,6:40,6.666666666666667
Standard,Personal,Bathroom,,2019-11-11 07:02,2019-11-11 07:24,UTC-5:00,0:22,0.36666666666666664
Standard,Personal,Housework,,2019-11-11 07:24,2019-11-11 08:38,UTC-5:00,1:14,1.2333333333333334
Standard,Commute,Walk,,2019-11-11 08:38,2019-11-11 08:52,UTC-5:00,0:14,0.23333333333333334
Standard,Work,UTA,,2019-11-11 08:52,2019-11-11 09:55,UTC-5:00,1:03,1.05
Standard,Commute,Walk,,2019-11-11 09:55,2019-11-11 10:10,UTC-5:00,0:15,0.25
Standard,SchoolWork,CS 465,,2019-11-11 10:10,2019-11-11 10:53,UTC-5:00,0:43,0.7166666666666667
Standard,Commute,Walk,,2019-11-11 10:53,2019-11-11 11:10,UTC-5:00,0:17,0.2833333333333333
Standard,Work,UTA,,2019-11-11 11:10,2019-11-11 12:20,UTC-5:00,1:10,1.1666666666666667
Standard,Personal,Email,,2019-11-11 12:20,2019-11-11 12:30,UTC-5:00,0:10,0.16666666666666666
Standard,Commute,Walk,,2019-11-11 12:30,2019-11-11 12:40,UTC-5:00,0:10,0.16666666666666666
Standard,Personal,Housework,,2019-11-11 12:40,2019-11-11 12:48,UTC-5:00,0:08,0.13333333333333333
Standard,Personal,Food,,2019-11-11 12:48,2019-11-11 13:28,UTC-5:00,0:40,0.6666666666666666
Standard,Commute,Walk,,2019-11-11 13:28,2019-11-11 13:51,UTC-5:00,0:23,0.38333333333333336
Standard,SchoolWork,Witches,,2019-11-11 13:51,2019-11-11 14:30,UTC-5:00,0:39,0.65
Standard,Hope,TV,,2019-11-11 14:30,2019-11-11 15:38,UTC-5:00,1:08,1.1333333333333333
Standard,SchoolWork,Witches,,2019-11-11 15:38,2019-11-11 16:30,UTC-5:00,0:52,0.8666666666666667
Standard,Commute,Walk,,2019-11-11 16:30,2019-11-11 16:45,UTC-5:00,0:15,0.25
Standard,SchoolWork,CS 465,,2019-11-11 16:45,2019-11-11 17:34,UTC-5:00,0:49,0.8166666666666667
Standard,Commute,Walk,,2019-11-11 17:34,2019-11-11 17:54,UTC-5:00,0:20,0.3333333333333333
Standard,SchoolWork,STAT 415,,2019-11-11 17:54,2019-11-11 19:07,UTC-5:00,1:13,1.2166666666666666
Standard,Commute,Walk,,2019-11-11 19:07,2019-11-11 19:22,UTC-5:00,0:15,0.25
Standard,Personal,Food,,2019-11-11 19:22,2019-11-11 20:05,UTC-5:00,0:43,0.7166666666666667
Standard,Commute,Walk,,2019-11-11 20:05,2019-11-11 20:15,UTC-5:00,0:10,0.16666666666666666
Standard,SchoolWork,SOM,,2019-11-11 20:15,2019-11-11 20:45,UTC-5:00,0:30,0.5
Standard,Personal,Games,,2019-11-11 20:45,2019-11-11 22:46,UTC-5:00,2:01,2.0166666666666666
Standard,Personal,Housework,,2019-11-11 22:46,2019-11-11 22:55,UTC-5:00,0:09,0.15
Standard,Personal,Sleep,,2019-11-11 22:55,2019-11-12 00:00,UTC-5:00,1:05,1.0833333333333333
Standard,Personal,Sleep,,2019-11-12 00:00,2019-11-12 06:47,UTC-5:00,6:47,6.783333333333333
Standard,Personal,Bathroom,,2019-11-12 06:47,2019-11-12 07:19,UTC-5:00,0:32,0.5333333333333333
Standard,Personal,Housework,,2019-11-12 07:19,2019-11-12 08:01,UTC-5:00,0:42,0.7
Standard,Commute,Walk,,2019-11-12 08:01,2019-11-12 08:06,UTC-5:00,0:05,0.08333333333333333
Standard,Hope,Event,,2019-11-12 08:06,2019-11-12 08:40,UTC-5:00,0:34,0.5666666666666667
Standard,Commute,Walk,,2019-11-12 08:40,2019-11-12 08:56,UTC-5:00,0:16,0.26666666666666666
Standard,SchoolWork,SOM,,2019-11-12 08:56,2019-11-12 10:33,UTC-5:00,1:37,1.6166666666666667
Standard,Commute,Walk,,2019-11-12 10:33,2019-11-12 10:37,UTC-5:00,0:04,0.06666666666666667
Standard,Personal,Email,,2019-11-12 10:37,2019-11-12 10:58,UTC-5:00,0:21,0.35
Standard,SchoolWork,CS 461,,2019-11-12 10:58,2019-11-12 11:15,UTC-5:00,0:17,0.2833333333333333
Standard,Personal,Food,,2019-11-12 11:15,2019-11-12 11:49,UTC-5:00,0:34,0.5666666666666667
Standard,SchoolWork,CS 461,,2019-11-12 11:49,2019-11-12 13:01,UTC-5:00,1:12,1.2
Standard,Commute,Walk,,2019-11-12 13:01,2019-11-12 13:11,UTC-5:00,0:10,0.16666666666666666
Standard,Personal,Bathroom,,2019-11-12 13:11,2019-11-12 13:24,UTC-5:00,0:13,0.21666666666666667
Standard,SchoolWork,DS 300,,2019-11-12 13:24,2019-11-12 15:03,UTC-5:00,1:39,1.65
Standard,Commute,Walk,,2019-11-12 15:03,2019-11-12 15:10,UTC-5:00,0:07,0.11666666666666667
Standard,Commute,Bus,,2019-11-12 15:10,2019-11-12 15:28,UTC-5:00,0:18,0.3
Standard,Work,ARL,,2019-11-12 15:28,2019-11-12 17:10,UTC-5:00,1:42,1.7
Standard,Commute,Bus,,2019-11-12 17:10,2019-11-12 17:31,UTC-5:00,0:21,0.35
Standard,Commute,Walk,,2019-11-12 17:31,2019-11-12 17:53,UTC-5:00,0:22,0.36666666666666664
Standard,Personal,Food,,2019-11-12 17:53,2019-11-12 18:40,UTC-5:00,0:47,0.7833333333333333
Standard,Commute,Car,,2019-11-12 18:40,2019-11-12 19:14,UTC-5:00,0:34,0.5666666666666667
Standard,APO,Event,,2019-11-12 19:14,2019-11-12 20:29,UTC-5:00,1:15,1.25
Standard,Commute,Car,,2019-11-12 20:29,2019-11-12 20:44,UTC-5:00,0:15,0.25
Standard,Personal,Bathroom,,2019-11-12 20:44,2019-11-12 20:53,UTC-5:00,0:09,0.15
Standard,SchoolWork,CS 461,,2019-11-12 20:53,2019-11-12 21:43,UTC-5:00,0:50,0.8333333333333334
Standard,Hope,TV,,2019-11-12 21:43,2019-11-12 22:05,UTC-5:00,0:22,0.36666666666666664
Standard,Commute,Walk,,2019-11-12 22:05,2019-11-12 22:18,UTC-5:00,0:13,0.21666666666666667
Standard,Personal,Housework,,2019-11-12 22:18,2019-11-12 22:50,UTC-5:00,0:32,0.5333333333333333
Standard,Personal,Sleep,,2019-11-12 22:50,2019-11-13 00:00,UTC-5:00,1:10,1.1666666666666667
Standard,Personal,Sleep,,2019-11-13 00:00,2019-11-13 06:12,UTC-5:00,6:12,6.2
Standard,Personal,Bathroom,,2019-11-13 06:12,2019-11-13 06:53,UTC-5:00,0:41,0.6833333333333333
Standard,Personal,Housework,,2019-11-13 06:53,2019-11-13 07:21,UTC-5:00,0:28,0.4666666666666667
Standard,Commute,Walk,,2019-11-13 07:21,2019-11-13 07:23,UTC-5:00,0:02,0.03333333333333333
Standard,Personal,Errand,,2019-11-13 07:23,2019-11-13 07:30,UTC-5:00,0:07,0.11666666666666667
Standard,Commute,Bus,,2019-11-13 07:30,2019-11-13 08:02,UTC-5:00,0:32,0.5333333333333333
Standard,Work,ARL,,2019-11-13 08:02,2019-11-13 09:12,UTC-5:00,1:10,1.1666666666666667
Standard,Commute,Bus,,2019-11-13 09:12,2019-11-13 09:30,UTC-5:00,0:18,0.3
Standard,SchoolWork,Witches,,2019-11-13 09:30,2019-11-13 10:06,UTC-5:00,0:36,0.6
Standard,Personal,Email,,2019-11-13 10:06,2019-11-13 10:36,UTC-5:00,0:30,0.5
Standard,Commute,Walk,,2019-11-13 10:36,2019-11-13 10:41,UTC-5:00,0:05,0.08333333333333333
Standard,Personal,Food,,2019-11-13 10:41,2019-11-13 10:47,UTC-5:00,0:06,0.1
Standard,Personal,Bathroom,,2019-11-13 10:47,2019-11-13 11:02,UTC-5:00,0:15,0.25
Standard,SchoolWork,Witches,,2019-11-13 11:02,2019-11-13 11:30,UTC-5:00,0:28,0.4666666666666667
Standard,Personal,Email,,2019-11-13 11:30,2019-11-13 11:40,UTC-5:00,0:10,0.16666666666666666
Standard,SchoolWork,Witches,,2019-11-13 11:40,2019-11-13 11:58,UTC-5:00,0:18,0.3
Standard,Commute,Walk,,2019-11-13 11:58,2019-11-13 12:08,UTC-5:00,0:10,0.16666666666666666
Standard,Personal,Bathroom,,2019-11-13 12:08,2019-11-13 12:10,UTC-5:00,0:02,0.03333333333333333
Standard,SchoolWork,Witches,,2019-11-13 12:10,2019-11-13 13:13,UTC-5:00,1:03,1.05
Standard,Commute,Walk,,2019-11-13 13:13,2019-11-13 13:20,UTC-5:00,0:07,0.11666666666666667
Standard,SchoolWork,Witches,,2019-11-13 13:20,2019-11-13 14:01,UTC-5:00,0:41,0.6833333333333333
Standard,SchoolWork,CS 461,,2019-11-13 14:01,2019-11-13 14:07,UTC-5:00,0:06,0.1
Standard,Personal,Games,,2019-11-13 14:07,2019-11-13 14:16,UTC-5:00,0:09,0.15
Standard,Commute,Walk,,2019-11-13 14:16,2019-11-13 14:28,UTC-5:00,0:12,0.2
Standard,SchoolWork,STAT 415,,2019-11-13 14:28,2019-11-13 15:24,UTC-5:00,0:56,0.9333333333333333
Standard,Commute,Walk,,2019-11-13 15:24,2019-11-13 15:34,UTC-5:00,0:10,0.16666666666666666
Standard,SchoolWork,CS 461,,2019-11-13 15:34,2019-11-13 16:20,UTC-5:00,0:46,0.7666666666666667
Standard,Commute,Walk,,2019-11-13 16:20,2019-11-13 16:33,UTC-5:00,0:13,0.21666666666666667
Standard,Personal,Bathroom,,2019-11-13 16:33,2019-11-13 16:38,UTC-5:00,0:05,0.08333333333333333
Standard,SchoolWork,CS 465,,2019-11-13 16:38,2019-11-13 17:32,UTC-5:00,0:54,0.9
Standard,Commute,Walk,,2019-11-13 17:32,2019-11-13 17:39,UTC-5:00,0:07,0.11666666666666667
Standard,SchoolWork,CS 461,,2019-11-13 17:39,2019-11-13 19:28,UTC-5:00,1:49,1.8166666666666667
Standard,Commute,Walk,,2019-11-13 19:28,2019-11-13 19:50,UTC-5:00,0:22,0.36666666666666664
Standard,APO,Meeting,,2019-11-13 19:50,2019-11-13 21:32,UTC-5:00,1:42,1.7
Standard,Commute,Walk,,2019-11-13 21:32,2019-11-13 21:45,UTC-5:00,0:13,0.21666666666666667
Standard,SchoolWork,Witches,,2019-11-13 21:45,2019-11-13 22:28,UTC-5:00,0:43,0.7166666666666667
Standard,Personal,TV,,2019-11-13 22:28,2019-11-13 23:18,UTC-5:00,0:50,0.8333333333333334
Standard,SchoolWork,Witches,,2019-11-13 23:18,2019-11-13 23:59,UTC-5:00,0:41,0.6833333333333333
Standard,Personal,TV,,2019-11-13 23:59,2019-11-14 00:00,UTC-5:00,0:01,0.016666666666666666
Standard,Personal,TV,,2019-11-14 00:00,2019-11-14 01:09,UTC-5:00,1:09,1.15
Standard,Personal,Sleep,,2019-11-14 01:09,2019-11-14 07:10,UTC-5:00,6:01,6.016666666666667
Standard,Personal,Bathroom,,2019-11-14 07:10,2019-11-14 07:38,UTC-5:00,0:28,0.4666666666666667
Standard,Personal,Housework,,2019-11-14 07:38,2019-11-14 07:56,UTC-5:00,0:18,0.3
Standard,Commute,Walk,,2019-11-14 07:56,2019-11-14 08:11,UTC-5:00,0:15,0.25
Standard,Personal,Food,,2019-11-14 08:11,2019-11-14 08:46,UTC-5:00,0:35,0.5833333333333334
Standard,Commute,Walk,,2019-11-14 08:46,2019-11-14 09:02,UTC-5:00,0:16,0.26666666666666666
Standard,SchoolWork,SOM,,2019-11-14 09:02,2019-11-14 10:22,UTC-5:00,1:20,1.3333333333333333
Standard,Commute,Walk,,2019-11-14 10:22,2019-11-14 10:40,UTC-5:00,0:18,0.3
Standard,SchoolWork,SOM,,2019-11-14 10:40,2019-11-14 10:55,UTC-5:00,0:15,0.25
Standard,Commute,Walk,,2019-11-14 10:55,2019-11-14 11:03,UTC-5:00,0:08,0.13333333333333333
Standard,Personal,Food,,2019-11-14 11:03,2019-11-14 11:28,UTC-5:00,0:25,0.4166666666666667
Standard,APO,Scouting,,2019-11-14 11:28,2019-11-14 11:48,UTC-5:00,0:20,0.3333333333333333
Standard,Commute,Walk,,2019-11-14 11:48,2019-11-14 11:57,UTC-5:00,0:09,0.15
Standard,APO,Event,,2019-11-14 11:57,2019-11-14 13:12,UTC-5:00,1:15,1.25
Standard,Commute,Walk,,2019-11-14 13:12,2019-11-14 13:25,UTC-5:00,0:13,0.21666666666666667
Standard,SchoolWork,SOM,,2019-11-14 13:25,2019-11-14 13:29,UTC-5:00,0:04,0.075
